model,paper_url,source_scope,dataset,pred_len,mse,mae,value_status,include_in_main_table,note
ForecastGrapher,https://arxiv.org/abs/2405.18036,official detailed main-result table,ETTm1,96,0.317,0.357,extracted,yes,
ForecastGrapher,https://arxiv.org/abs/2405.18036,official detailed main-result table,ETTm1,192,0.365,0.383,extracted,yes,
ForecastGrapher,https://arxiv.org/abs/2405.18036,official detailed main-result table,ETTm1,336,0.393,0.405,extracted,yes,
ForecastGrapher,https://arxiv.org/abs/2405.18036,official detailed main-result table,ETTm1,720,0.456,0.442,extracted,yes,
ForecastGrapher,https://arxiv.org/abs/2405.18036,official detailed main-result table,ETTm1,Avg,0.383,0.397,computed_from_4_horizons,yes,rounded arithmetic mean
ForecastGrapher,https://arxiv.org/abs/2405.18036,official detailed main-result table,ETTm2,96,0.176,0.259,extracted,yes,
ForecastGrapher,https://arxiv.org/abs/2405.18036,official detailed main-result table,ETTm2,192,0.238,0.300,extracted,yes,
ForecastGrapher,https://arxiv.org/abs/2405.18036,official detailed main-result table,ETTm2,336,0.296,0.338,extracted,yes,
ForecastGrapher,https://arxiv.org/abs/2405.18036,official detailed main-result table,ETTm2,720,0.395,0.396,extracted,yes,
ForecastGrapher,https://arxiv.org/abs/2405.18036,official detailed main-result table,ETTm2,Avg,0.276,0.323,computed_from_4_horizons,yes,rounded arithmetic mean
ForecastGrapher,https://arxiv.org/abs/2405.18036,official detailed main-result table,ETTh1,96,0.373,0.397,extracted,yes,
ForecastGrapher,https://arxiv.org/abs/2405.18036,official detailed main-result table,ETTh1,192,0.424,0.427,extracted,yes,
ForecastGrapher,https://arxiv.org/abs/2405.18036,official detailed main-result table,ETTh1,336,0.472,0.448,extracted,yes,
ForecastGrapher,https://arxiv.org/abs/2405.18036,official detailed main-result table,ETTh1,720,0.479,0.475,extracted,yes,
ForecastGrapher,https://arxiv.org/abs/2405.18036,official detailed main-result table,ETTh1,Avg,0.437,0.437,computed_from_4_horizons,yes,rounded arithmetic mean
ForecastGrapher,https://arxiv.org/abs/2405.18036,official detailed main-result table,ETTh2,96,0.294,0.345,extracted,yes,
ForecastGrapher,https://arxiv.org/abs/2405.18036,official detailed main-result table,ETTh2,192,0.367,0.396,extracted,yes,
ForecastGrapher,https://arxiv.org/abs/2405.18036,official detailed main-result table,ETTh2,336,0.407,0.428,extracted,yes,
ForecastGrapher,https://arxiv.org/abs/2405.18036,official detailed main-result table,ETTh2,720,0.420,0.441,extracted,yes,
ForecastGrapher,https://arxiv.org/abs/2405.18036,official detailed main-result table,ETTh2,Avg,0.372,0.403,computed_from_4_horizons,yes,rounded arithmetic mean
ForecastGrapher,https://arxiv.org/abs/2405.18036,official detailed main-result table,ECL,96,0.138,0.235,extracted,yes,paper label Electricity
ForecastGrapher,https://arxiv.org/abs/2405.18036,official detailed main-result table,ECL,192,0.154,0.249,extracted,yes,paper label Electricity
ForecastGrapher,https://arxiv.org/abs/2405.18036,official detailed main-result table,ECL,336,0.169,0.264,extracted,yes,paper label Electricity
ForecastGrapher,https://arxiv.org/abs/2405.18036,official detailed main-result table,ECL,720,0.199,0.294,extracted,yes,paper label Electricity
ForecastGrapher,https://arxiv.org/abs/2405.18036,official detailed main-result table,ECL,Avg,0.165,0.261,computed_from_4_horizons,yes,rounded arithmetic mean; paper label Electricity
ForecastGrapher,https://arxiv.org/abs/2405.18036,official detailed main-result table,Exchange,96,0.086,0.206,extracted,yes,
ForecastGrapher,https://arxiv.org/abs/2405.18036,official detailed main-result table,Exchange,192,0.181,0.303,extracted,yes,
ForecastGrapher,https://arxiv.org/abs/2405.18036,official detailed main-result table,Exchange,336,0.334,0.418,extracted,yes,
ForecastGrapher,https://arxiv.org/abs/2405.18036,official detailed main-result table,Exchange,720,0.869,0.702,extracted,yes,
ForecastGrapher,https://arxiv.org/abs/2405.18036,official detailed main-result table,Exchange,Avg,0.368,0.407,computed_from_4_horizons,yes,rounded arithmetic mean
ForecastGrapher,https://arxiv.org/abs/2405.18036,official detailed main-result table,Traffic,96,0.423,0.278,extracted,yes,
ForecastGrapher,https://arxiv.org/abs/2405.18036,official detailed main-result table,Traffic,192,0.445,0.285,extracted,yes,
ForecastGrapher,https://arxiv.org/abs/2405.18036,official detailed main-result table,Traffic,336,0.460,0.292,extracted,yes,
ForecastGrapher,https://arxiv.org/abs/2405.18036,official detailed main-result table,Traffic,720,0.503,0.312,extracted,yes,
ForecastGrapher,https://arxiv.org/abs/2405.18036,official detailed main-result table,Traffic,Avg,0.458,0.292,computed_from_4_horizons,yes,rounded arithmetic mean
ForecastGrapher,https://arxiv.org/abs/2405.18036,official detailed main-result table,Weather,96,0.161,0.206,extracted,yes,
ForecastGrapher,https://arxiv.org/abs/2405.18036,official detailed main-result table,Weather,192,0.209,0.251,extracted,yes,
ForecastGrapher,https://arxiv.org/abs/2405.18036,official detailed main-result table,Weather,336,0.268,0.295,extracted,yes,
ForecastGrapher,https://arxiv.org/abs/2405.18036,official detailed main-result table,Weather,720,0.348,0.345,extracted,yes,
ForecastGrapher,https://arxiv.org/abs/2405.18036,official detailed main-result table,Weather,Avg,0.247,0.274,computed_from_4_horizons,yes,rounded arithmetic mean
TimeFilter,https://arxiv.org/abs/2501.13041,artifacts/summary.csv revision_r3_4_gnn_baseline_verify,ETTm1,96,0.313,0.354,rerun_result,yes,seed=2023; run_id=r3_4_timefilter_verify_ettm1_s2023_pl96
TimeFilter,https://arxiv.org/abs/2501.13041,artifacts/summary.csv revision_r3_4_gnn_baseline_verify,ETTm1,192,0.356,0.379,rerun_result,yes,seed=2023; run_id=r3_4_timefilter_verify_ettm1_s2023_pl192
TimeFilter,https://arxiv.org/abs/2501.13041,artifacts/summary.csv revision_r3_4_gnn_baseline_verify,ETTm1,336,0.387,0.404,rerun_result,yes,seed=2023; run_id=r3_4_timefilter_verify_ettm1_s2023_pl336
TimeFilter,https://arxiv.org/abs/2501.13041,artifacts/summary.csv revision_r3_4_gnn_baseline_verify,ETTm1,720,0.455,0.438,rerun_result,yes,seed=2023; run_id=r3_4_timefilter_verify_ettm1_s2023_pl720
TimeFilter,https://arxiv.org/abs/2501.13041,artifacts/summary.csv revision_r3_4_gnn_baseline_verify,ETTm1,Avg,0.378,0.394,computed_from_summary_rerun,yes,seed=2023; rounded arithmetic mean over 4 summary rows
TimeFilter,https://arxiv.org/abs/2501.13041,artifacts/summary.csv revision_r3_4_gnn_baseline_verify,ETTm2,96,0.173,0.258,rerun_result,yes,seed=2023; run_id=r3_4_timefilter_verify_ettm2_s2023_pl96
TimeFilter,https://arxiv.org/abs/2501.13041,artifacts/summary.csv revision_r3_4_gnn_baseline_verify,ETTm2,192,0.238,0.300,rerun_result,yes,seed=2023; run_id=r3_4_timefilter_verify_ettm2_s2023_pl192
TimeFilter,https://arxiv.org/abs/2501.13041,artifacts/summary.csv revision_r3_4_gnn_baseline_verify,ETTm2,336,0.300,0.340,rerun_result,yes,seed=2023; run_id=r3_4_timefilter_verify_ettm2_s2023_pl336
TimeFilter,https://arxiv.org/abs/2501.13041,artifacts/summary.csv revision_r3_4_gnn_baseline_verify,ETTm2,720,0.394,0.396,rerun_result,yes,seed=2023; run_id=r3_4_timefilter_verify_ettm2_s2023_pl720
TimeFilter,https://arxiv.org/abs/2501.13041,artifacts/summary.csv revision_r3_4_gnn_baseline_verify,ETTm2,Avg,0.276,0.323,computed_from_summary_rerun,yes,seed=2023; rounded arithmetic mean over 4 summary rows
TimeFilter,https://arxiv.org/abs/2501.13041,artifacts/summary.csv revision_r3_4_gnn_baseline_verify,ETTh1,96,0.373,0.397,rerun_result,yes,seed=2023; run_id=r3_4_timefilter_verify_etth1_s2023_pl96
TimeFilter,https://arxiv.org/abs/2501.13041,artifacts/summary.csv revision_r3_4_gnn_baseline_verify,ETTh1,192,0.420,0.425,rerun_result,yes,seed=2023; run_id=r3_4_timefilter_verify_etth1_s2023_pl192
TimeFilter,https://arxiv.org/abs/2501.13041,artifacts/summary.csv revision_r3_4_gnn_baseline_verify,ETTh1,336,0.460,0.447,rerun_result,yes,seed=2023; run_id=r3_4_timefilter_verify_etth1_s2023_pl336
TimeFilter,https://arxiv.org/abs/2501.13041,artifacts/summary.csv revision_r3_4_gnn_baseline_verify,ETTh1,720,0.485,0.479,rerun_result,yes,seed=2023; run_id=r3_4_timefilter_verify_etth1_s2023_pl720
TimeFilter,https://arxiv.org/abs/2501.13041,artifacts/summary.csv revision_r3_4_gnn_baseline_verify,ETTh1,Avg,0.434,0.437,computed_from_summary_rerun,yes,seed=2023; rounded arithmetic mean over 4 summary rows
TimeFilter,https://arxiv.org/abs/2501.13041,artifacts/summary.csv revision_r3_4_gnn_baseline_verify,ETTh2,96,0.292,0.344,rerun_result,yes,seed=2023; run_id=r3_4_timefilter_verify_etth2_s2023_pl96
TimeFilter,https://arxiv.org/abs/2501.13041,artifacts/summary.csv revision_r3_4_gnn_baseline_verify,ETTh2,192,0.411,0.429,rerun_result,yes,seed=2023; run_id=r3_4_timefilter_verify_etth2_s2023_pl192
TimeFilter,https://arxiv.org/abs/2501.13041,artifacts/summary.csv revision_r3_4_gnn_baseline_verify,ETTh2,336,0.409,0.428,rerun_result,yes,seed=2023; run_id=r3_4_timefilter_verify_etth2_s2023_pl336
TimeFilter,https://arxiv.org/abs/2501.13041,artifacts/summary.csv revision_r3_4_gnn_baseline_verify,ETTh2,720,0.408,0.436,rerun_result,yes,seed=2023; run_id=r3_4_timefilter_verify_etth2_s2023_pl720
TimeFilter,https://arxiv.org/abs/2501.13041,artifacts/summary.csv revision_r3_4_gnn_baseline_verify,ETTh2,Avg,0.380,0.409,computed_from_summary_rerun,yes,seed=2023; rounded arithmetic mean over 4 summary rows
TimeFilter,https://arxiv.org/abs/2501.13041,artifacts/summary.csv revision_r3_4_gnn_baseline_verify,ECL,96,0.136,0.234,rerun_result,yes,seed=2023; run_id=r3_4_timefilter_verify_ecl_s2023_pl96
TimeFilter,https://arxiv.org/abs/2501.13041,artifacts/summary.csv revision_r3_4_gnn_baseline_verify,ECL,192,0.154,0.248,rerun_result,yes,seed=2023; run_id=r3_4_timefilter_verify_ecl_s2023_pl192
TimeFilter,https://arxiv.org/abs/2501.13041,artifacts/summary.csv revision_r3_4_gnn_baseline_verify,ECL,336,0.168,0.285,rerun_result,yes,seed=2023; run_id=r3_4_timefilter_verify_ecl_s2023_pl336
TimeFilter,https://arxiv.org/abs/2501.13041,artifacts/summary.csv revision_r3_4_gnn_baseline_verify,ECL,720,0.190,0.288,rerun_result,yes,seed=2023; run_id=r3_4_timefilter_verify_ecl_s2023_pl720
TimeFilter,https://arxiv.org/abs/2501.13041,artifacts/summary.csv revision_r3_4_gnn_baseline_verify,ECL,Avg,0.162,0.264,computed_from_summary_rerun,yes,seed=2023; rounded arithmetic mean over 4 summary rows
TimeFilter,https://arxiv.org/abs/2501.13041,artifacts/summary.csv revision_r3_4_gnn_baseline_verify,Weather,96,0.160,0.206,rerun_result,yes,seed=2023; run_id=r3_4_timefilter_verify_weather_s2023_pl96
TimeFilter,https://arxiv.org/abs/2501.13041,artifacts/summary.csv revision_r3_4_gnn_baseline_verify,Weather,192,0.208,0.250,rerun_result,yes,seed=2023; run_id=r3_4_timefilter_verify_weather_s2023_pl192
TimeFilter,https://arxiv.org/abs/2501.13041,artifacts/summary.csv revision_r3_4_gnn_baseline_verify,Weather,336,0.266,0.293,rerun_result,yes,seed=2023; run_id=r3_4_timefilter_verify_weather_s2023_pl336
TimeFilter,https://arxiv.org/abs/2501.13041,artifacts/summary.csv revision_r3_4_gnn_baseline_verify,Weather,720,0.345,0.345,rerun_result,yes,seed=2023; run_id=r3_4_timefilter_verify_weather_s2023_pl720
TimeFilter,https://arxiv.org/abs/2501.13041,artifacts/summary.csv revision_r3_4_gnn_baseline_verify,Weather,Avg,0.245,0.273,computed_from_summary_rerun,yes,seed=2023; rounded arithmetic mean over 4 summary rows
TimeFilter,https://arxiv.org/abs/2501.13041,artifacts/summary.csv revision_r3_4_gnn_baseline_verify,Exchange,96,0.084,0.200,rerun_result,yes,seed=2023; run_id=r3_4_timefilter_verify_exchange_s2023_pl96
TimeFilter,https://arxiv.org/abs/2501.13041,artifacts/summary.csv revision_r3_4_gnn_baseline_verify,Exchange,192,0.172,0.296,rerun_result,yes,seed=2023; run_id=r3_4_timefilter_verify_exchange_s2023_pl192
TimeFilter,https://arxiv.org/abs/2501.13041,artifacts/summary.csv revision_r3_4_gnn_baseline_verify,Exchange,336,0.335,0.418,rerun_result,yes,seed=2023; run_id=r3_4_timefilter_verify_exchange_s2023_pl336
TimeFilter,https://arxiv.org/abs/2501.13041,artifacts/summary.csv revision_r3_4_gnn_baseline_verify,Exchange,720,0.785,0.675,rerun_result,yes,seed=2023; run_id=r3_4_timefilter_verify_exchange_s2023_pl720
TimeFilter,https://arxiv.org/abs/2501.13041,artifacts/summary.csv revision_r3_4_gnn_baseline_verify,Exchange,Avg,0.344,0.397,computed_from_summary_rerun,yes,seed=2023; rounded arithmetic mean over 4 summary rows
TimeFilter,https://arxiv.org/abs/2501.13041,artifacts/summary.csv revision_r3_4_gnn_baseline_verify,Traffic,96,0.375,0.251,rerun_result,yes,seed=2023; run_id=r3_4_timefilter_verify_traffic_s2023_pl96
TimeFilter,https://arxiv.org/abs/2501.13041,artifacts/summary.csv revision_r3_4_gnn_baseline_verify,Traffic,192,0.396,0.262,rerun_result,yes,seed=2023; run_id=r3_4_timefilter_verify_traffic_s2023_pl192
TimeFilter,https://arxiv.org/abs/2501.13041,artifacts/summary.csv revision_r3_4_gnn_baseline_verify,Traffic,336,0.414,0.271,rerun_result,yes,seed=2023; run_id=r3_4_timefilter_verify_traffic_s2023_pl336
TimeFilter,https://arxiv.org/abs/2501.13041,artifacts/summary.csv revision_r3_4_gnn_baseline_verify,Traffic,720,0.447,0.291,rerun_result,yes,seed=2023; run_id=r3_4_timefilter_verify_traffic_s2023_pl720
TimeFilter,https://arxiv.org/abs/2501.13041,artifacts/summary.csv revision_r3_4_gnn_baseline_verify,Traffic,Avg,0.408,0.269,computed_from_summary_rerun,yes,seed=2023; rounded arithmetic mean over 4 summary rows
